timestamp,total_bytes,throughput_mbps,dst_ip_entropy,avg_fan_out
1769860953727,2814280,0.537,4.197,2.04
1769861013712,584207,0.111,4.241,1.96
1769861073726,116970,0.022,4.297,1.93
1769861133720,120294,0.023,4.296,1.96
1769861193721,1663084,0.317,4.4,1.84
1769861253738,2763759,0.527,4.352,1.78
1769861313733,1351545,0.258,4.279,1.73
1769861373724,1462052,0.279,4.326,1.79
1769861392190,916240,0.175,4.13,1.8
1769861974102,196093,0.037,4.29,1.84
1769861974148,196093,0.037,4.29,1.84
1769861979097,183580,0.035,4.244,1.84
1769861984111,180725,0.034,4.222,1.85
1769861989108,198792,0.038,4.16,1.84
1769861994096,229850,0.044,4.127,1.83
1769861999090,230242,0.044,4.074,1.82
1769862004105,228069,0.044,4.289,1.93
1769862009084,231738,0.044,4.422,1.97
1769862014095,191079,0.036,4.41,1.98
1769862019114,183156,0.035,4.489,1.98
1769862024113,191248,0.036,4.473,1.96
1769862029091,189973,0.036,4.455,1.98
1769862034092,178927,0.034,4.421,1.96
1769862039100,171973,0.033,4.385,1.98
1769862044101,167498,0.032,4.405,2.02
1769862049101,167484,0.032,4.494,2.02
1769862054108,152469,0.029,4.553,2.04
1769862059099,114386,0.022,4.45,2.06
1769862064090,101628,0.019,4.481,2.04
1769862069109,115657,0.022,4.459,2.0
1769862074106,118575,0.023,4.333,2.04
1769862079107,126757,0.024,4.269,2.04
1769862084102,123099,0.023,4.23,2.02
1769862089106,125131,0.024,4.279,2.0
1769862094096,125439,0.024,4.32,2.02
1769862099098,128679,0.025,4.373,2.02
1769862104727,1821330,0.347,4.364,1.96
1769862109740,2534635,0.483,4.33,1.98
1769862114704,2572013,0.491,4.348,1.98
1769862119719,2601972,0.496,4.288,2.02
1769862124728,2596703,0.495,4.327,2.06
1769862129722,2594911,0.495,4.387,2.04
1769862134715,2589623,0.494,4.418,2.06
1769862139727,2598400,0.496,4.393,2.06
1769862144716,2608494,0.498,4.4,2.04
1769862149721,2598064,0.496,4.38,2.04
1769862154727,2600603,0.496,4.344,2.05
1769862159724,2691801,0.513,4.257,2.07
1769862164722,2559205,0.488,4.185,2.14
1769862213728,2508194,0.478,4.376,1.98
1769862273715,135906,0.026,4.203,1.96
1769862333725,2165946,0.413,4.4,2.07
1769862393733,113047,0.022,4.445,1.98
1769862453733,1724192,0.329,4.394,1.9
1769862513737,230141,0.044,4.355,1.83
1769862573729,178001,0.034,4.302,1.83
1769862633761,355961,0.068,4.542,1.88
1769862693731,119392,0.023,4.589,1.96
1769862753731,2439682,0.465,4.548,2.02
1769862813722,256101,0.049,4.469,1.96
1769862873726,167512,0.032,4.407,2.07
1769862933728,208037,0.04,4.56,2.0
1769862951970,254505,0.049,4.636,2.06
1769862954102,254505,0.049,4.636,2.06
1769862959108,273830,0.052,4.634,2.12
1769862964730,306641,0.058,4.655,2.09
1769862969719,331997,0.063,4.633,2.17
1769862974731,329549,0.063,4.624,2.12
1769862979706,251570,0.048,4.595,2.22
1769862984111,240360,0.046,4.569,2.26
1769862989728,257545,0.049,4.491,2.21
1769862994712,287633,0.055,4.438,2.12
1769862999719,287780,0.055,4.353,2.09
1769863004103,265129,0.051,4.431,2.16
1769863009111,265740,0.051,4.384,2.14
1769863014734,315355,0.06,4.468,2.04
1769863019733,456395,0.087,4.47,2.06
1769863024732,502464,0.096,4.424,2.06
1769863029734,510344,0.097,4.406,2.0
1769863034718,538257,0.103,4.352,1.96
1769863039746,625294,0.119,4.354,1.96
1769863044725,762505,0.145,4.344,2.0
1769863049723,731382,0.14,4.365,2.0
1769863054730,732627,0.14,4.423,2.04
1769863059727,762947,0.146,4.392,2.04
1769863064735,832525,0.159,4.3,1.96
1769863069726,776469,0.148,4.304,1.94
1769863113746,3859562,0.736,4.173,1.91
1769863173728,4065783,0.775,4.225,1.95
1769863233738,409913,0.078,4.17,1.98
1769863293720,3007841,0.574,4.386,2.21
1769863353726,1129118,0.215,4.154,1.98
1769863413728,673945,0.129,4.358,1.92
1769863473734,1767154,0.337,4.112,1.86
1769863533732,2123187,0.405,4.263,1.96
1769863593725,64180756,12.242,4.136,1.85
1769863653722,8807374,1.68,4.292,1.98
1769863687749,1629416,0.311,4.582,2.08
1769863689123,1645729,0.314,4.528,2.13
1769863732832,519081,0.099,4.404,2.1
1769863732889,643859,0.123,4.364,2.17
1769863931738,247152,0.047,4.343,2.18
1769863931802,247152,0.047,4.343,2.18
1769863935021,290343,0.055,4.43,2.17
1769863935078,290343,0.055,4.43,2.17
1769863940000,664527,0.127,4.49,2.16
1769863940490,664527,0.127,4.49,2.16
1769863940538,664527,0.127,4.49,2.16
1769863944368,675612,0.129,4.492,2.25
1769863944413,675612,0.129,4.492,2.25
1769863948236,675612,0.129,4.492,2.25
1769863948280,675612,0.129,4.492,2.25
1769863953262,2542450,0.485,4.457,2.16
1769863958250,2645981,0.505,4.452,2.09
1769863959420,2652473,0.506,4.49,2.07
1769863959469,2652473,0.506,4.49,2.07
1769863962614,2652473,0.506,4.49,2.07
1769863962669,2652473,0.506,4.49,2.07
1769863967625,2721956,0.519,4.571,2.15
1769863972609,2681363,0.511,4.594,2.21
1769863975549,2268231,0.433,4.596,2.22
1769863975586,2268231,0.433,4.596,2.22
1769863980561,2457671,0.469,4.569,2.2
1769863985550,2464825,0.47,4.442,2.15
1769863988392,2464825,0.47,4.442,2.15
1769863988438,2464825,0.47,4.442,2.15
1769863990547,2455767,0.468,4.423,2.15
1769863990588,2455767,0.468,4.423,2.15
1769863995186,603660,0.115,4.406,2.1
1769863995217,603660,0.115,4.406,2.1
1769864029092,353182,0.067,4.429,2.06
1769864029144,353182,0.067,4.429,2.06
1769864034098,348619,0.066,4.44,2.06
1769864039085,153790,0.029,4.416,2.02
1769864041513,153790,0.029,4.416,2.02
1769864041561,153790,0.029,4.416,2.02
1769864046725,143947,0.027,4.467,2.0
1769864051717,139015,0.027,4.508,2.02
1769864056730,131316,0.025,4.525,2.0
1769864061728,133002,0.025,4.531,1.98
1769864066709,4707043,0.898,4.497,2.02
1769864071722,7646194,1.458,4.442,2.02
1769864076722,7630733,1.455,4.363,2.06
1769864081740,7905412,1.508,4.243,2.0
1769864086732,8412346,1.605,4.194,1.96
1769864091534,8863879,1.691,4.226,1.98
1769864096546,9121091,1.74,4.216,1.96
1769864098832,9121091,1.74,4.216,1.96
1769864098881,9121091,1.74,4.216,1.96
1769864099670,9511574,1.814,4.181,1.92
1769864099716,9511574,1.814,4.181,1.92
1769864104732,9928933,1.894,4.107,2.0
1769864109697,10137756,1.934,4.039,1.98
1769864114750,10628505,2.027,4.002,2.0
1769864119722,12272135,2.341,3.994,2.0
1769864124728,4991498,0.952,4.18,1.98
1769864129719,4168327,0.795,4.243,1.98
1769864134714,4365988,0.833,4.192,1.98
1769864139718,3946717,0.753,4.255,1.94
1769864144725,3375846,0.644,4.226,1.98
1769864149721,1872599,0.357,4.35,2.02
1769864154711,1252318,0.239,4.361,2.04
1769864159733,1220846,0.233,4.278,2.0
1769864164734,907558,0.173,4.3,2.04
1769864166485,907558,0.173,4.3,2.04
1769864166550,907558,0.173,4.3,2.04
1769864170183,566477,0.108,4.34,2.05
1769864170247,566477,0.108,4.34,2.05
1769864175728,573972,0.109,4.273,1.96
1769864180716,355655,0.068,4.257,1.93
1769864185709,332617,0.063,4.303,1.95
1769864190720,563892,0.108,4.232,1.89
1769864195734,538157,0.103,4.206,1.89
1769864200736,680763,0.13,4.2,1.89
1769864205729,808131,0.154,4.377,2.02
1769864210741,907090,0.173,4.506,2.0
1769864215718,991089,0.189,4.499,2.1
1769864220720,1042792,0.199,4.548,2.13
1769864225726,1321936,0.252,4.47,2.09
1769864230718,1401461,0.267,4.464,2.09
1769864253723,1379222,0.263,4.384,2.15
1769864313733,1969983,0.376,4.165,1.93
1769864373731,7953733,1.517,4.309,2.16
1769864433727,20976341,4.001,4.358,2.04
1769864493740,29443541,5.616,4.201,1.92
1769864553729,9114524,1.738,4.345,1.94
1769864613738,11430894,2.18,4.277,1.98
1769864673737,8997680,1.716,4.353,2.0
1769864733728,14554525,2.776,4.203,2.04
1769864793738,2696633,0.514,4.454,1.92
1769864853725,19653005,3.749,4.108,1.94
1769864913742,9682243,1.847,4.072,1.88
1769864918652,7978468,1.522,4.118,1.93
1769864918700,7978468,1.522,4.118,1.93
1769864923720,5768938,1.1,4.11,1.88
1769864928716,5878865,1.121,4.084,1.91
1769864933735,5887222,1.123,4.117,1.92
1769864938725,5693271,1.086,4.214,1.95
1769864943734,2004333,0.382,4.216,2.0
1769864948724,1935364,0.369,4.23,1.98
1769864973729,2678871,0.511,4.067,1.94
1769865033717,3264477,0.623,4.136,1.95
1769865093729,7237248,1.38,4.149,2.0
1769865153735,2193898,0.418,4.2,1.98
1769865213730,2107906,0.402,4.324,2.0
1769865254950,1600557,0.305,4.14,1.96
1769865258672,1635326,0.312,4.078,1.9
1769865261770,8493520,1.62,4.024,1.79
1769865261839,8493520,1.62,4.024,1.79
1769865264206,8493520,1.62,4.024,1.79
1769865264282,8493520,1.62,4.024,1.79
1769865269210,19421103,3.704,4.189,1.87
1769865274185,25613367,4.885,4.205,1.87
1769865274234,25613367,4.885,4.205,1.87
1769865367867,41454290,7.907,4.294,1.98
1769865367924,41454290,7.907,4.294,1.98
1769865372859,34091482,6.502,4.316,1.9
1769865378716,20459566,3.902,4.264,1.89
1769865383739,20591365,3.927,4.207,1.88
1769865388732,20563046,3.922,4.144,1.96
1769865393742,24365276,4.647,4.131,1.94
1769865398736,18763563,3.579,4.133,1.96
1769865403724,18746659,3.576,4.194,2.02
1769865408713,18744744,3.575,4.186,2.0
1769865413727,7205576,1.374,4.251,1.98
1769865418739,6703302,1.279,4.244,2.02
1769865423758,6449307,1.23,4.185,1.94
1769865428732,10429862,1.989,4.105,1.92
1769865433728,10439868,1.991,4.111,1.9
1769865453734,4508495,0.86,4.119,2.0
1769865513725,1749415,0.334,4.305,2.02
1769865573783,707916,0.135,4.149,1.85
1769865633726,19001382,3.624,4.178,2.06
1769865693733,10537474,2.01,4.284,2.11
1769865753726,13387918,2.554,4.014,1.98
1769865813730,2839831,0.542,4.2,1.98
1769865873734,2969508,0.566,3.989,1.96
1769865933744,1389634,0.265,4.365,2.04
1769865990666,2270557,0.433,4.226,2.07
1769865992772,2270557,0.433,4.226,2.07
1769865992836,2270557,0.433,4.226,2.07
1769865997787,1889118,0.36,4.132,2.02
1769866002788,1675029,0.319,4.144,2.05
1769866003251,1675029,0.319,4.144,2.05
1769866003301,1675029,0.319,4.144,2.05
1769866008257,1183276,0.226,4.184,2.13
1769866063050,1355220,0.258,4.378,2.0
1769866063107,1355220,0.258,4.378,2.0
1769866286363,870337,0.166,4.084,1.82
1769866286421,870337,0.166,4.084,1.82
1769866292817,852908,0.163,4.06,1.78
1769866292861,852908,0.163,4.06,1.78
1769866299270,857439,0.164,4.053,1.8
1769866299316,857439,0.164,4.053,1.8
1769866303123,860982,0.164,4.057,1.78
1769866303173,860982,0.164,4.057,1.78
1769866308122,794925,0.152,4.043,1.78
1769866313123,779380,0.149,4.033,1.77
1769866318121,664679,0.127,3.997,1.76
1769866323124,664857,0.127,3.964,1.81
1769866328109,666434,0.127,3.983,1.88
1769866333134,644468,0.123,3.968,1.86
1769866338124,577178,0.11,4.071,1.91
1769866343146,509654,0.097,4.136,1.91
1769866348121,375933,0.072,4.149,1.98
1769866353113,262214,0.05,4.221,2.0
1769866358126,299673,0.057,4.215,1.98
1769866363120,325175,0.062,4.25,2.0
1769866368114,302524,0.058,4.344,2.08
1769866373134,367955,0.07,4.356,2.11
1769866378741,386835,0.074,4.408,2.17
1769866383724,395912,0.076,4.353,2.16
1769866388725,394673,0.075,4.321,2.07
1769866393755,401883,0.077,4.29,2.07
1769866398730,398708,0.076,4.243,2.0
1769866403720,405887,0.077,4.22,2.05
1769866408119,278608,0.053,4.256,2.06
1769866412191,266866,0.051,4.233,2.04
1769866412247,266866,0.051,4.233,2.04
1769866417200,200011,0.038,4.231,2.02
1769866422198,155848,0.03,4.22,2.06
1769866425594,155848,0.03,4.22,2.06
1769866425650,155848,0.03,4.22,2.06
1769866430598,140044,0.027,4.146,1.96
1770111239455,8935453,1.704,4.176,2.0
1770111239547,8935453,1.704,4.176,2.0
1770111244604,5619438,1.072,4.198,1.93
1770111249582,8885209,1.695,4.138,1.95
1770111254584,8897249,1.697,4.205,1.95
1770111259584,8871596,1.692,4.278,1.93
1770111264444,3537580,0.675,4.253,1.93
1770111269411,7903449,1.507,4.205,1.93
1770111271974,7866686,1.5,4.24,1.95
1770111272015,7866686,1.5,4.24,1.95
1770111273668,7866686,1.5,4.24,1.95
1770111273717,7866686,1.5,4.24,1.95
1770111278693,7835947,1.495,4.203,1.91
1770111283727,7799414,1.488,4.186,1.86
1770111288686,12135858,2.315,4.228,1.87
1770111294594,12234892,2.334,4.159,1.91
1770111299628,9073269,1.731,4.169,1.87
1770111304625,11782952,2.247,4.225,1.89
1770111309587,16955453,3.234,4.185,1.89
1770111314593,24339018,4.642,4.137,1.92
1770111318688,24544866,4.682,4.092,1.89
1770111323684,25354207,4.836,3.984,1.98
1770111326780,25354207,4.836,3.984,1.98
1770111326842,25354207,4.836,3.984,1.98
1770111331783,20981084,4.002,3.889,1.9
1770111344438,30655227,5.847,3.936,1.98
1770111344478,30655227,5.847,3.936,1.98
1770111349453,22227890,4.24,3.961,1.96
1770111350350,22227890,4.24,3.961,1.96
1770111350394,22227890,4.24,3.961,1.96
1770111359000,19398286,3.7,4.038,2.02
1770111359046,19398286,3.7,4.038,2.02
1770111360009,19398286,3.7,4.038,2.02
1770111360066,19398286,3.7,4.038,2.02
1770111360951,19398286,3.7,4.038,2.02
1770111361030,19398286,3.7,4.038,2.02
1770111365908,18956819,3.616,4.023,2.06
1770111365981,18956819,3.616,4.023,2.06
1770111368822,18979797,3.62,4.03,2.04
1770111368881,18979797,3.62,4.03,2.04
1770111369547,18979797,3.62,4.03,2.04
1770111369587,18979797,3.62,4.03,2.04
1770111370977,18979797,3.62,4.03,2.04
1770111371034,18979797,3.62,4.03,2.04
1770111371458,18979797,3.62,4.03,2.04
1770111371514,18979797,3.62,4.03,2.04
1770111373436,18057545,3.444,4.057,2.0
1770111373489,18057545,3.444,4.057,2.0
1770111376597,18057545,3.444,4.057,2.0
1770111376655,18057545,3.444,4.057,2.0
1770111381607,10215295,1.948,4.09,2.0
1770111386609,7954995,1.517,4.069,2.0
1770111389725,7945162,1.515,4.095,2.0
1770111389780,7945162,1.515,4.095,2.0
1770111509113,18381319,3.506,4.158,1.98
1770111509165,18381319,3.506,4.158,1.98
1770111511243,18381319,3.506,4.158,1.98
1770111511304,18381319,3.506,4.158,1.98
1770111516248,18819619,3.59,4.196,2.0
1770111521290,19391105,3.699,4.167,1.98
1770111526257,25887791,4.938,4.126,1.89
1770111531247,16882495,3.22,4.169,1.98
1770111536260,17009006,3.244,4.126,1.98
1770111538279,17009006,3.244,4.126,1.98
1770111538345,17009006,3.244,4.126,1.98
1770111543282,17220030,3.284,4.102,1.93
1770111548595,13940158,2.659,4.107,2.05
1770111553579,12593275,2.402,4.117,2.07
1770111558574,12751933,2.432,4.099,2.05
1770111563577,12799481,2.441,4.041,2.08
1770111568593,12581041,2.4,4.072,2.07
1770111573591,14110503,2.691,4.044,2.05
1770111578590,8151727,1.555,4.117,2.07
1770111583580,8132934,1.551,4.094,2.05
1770111588585,8482506,1.618,4.048,2.04
1770111593583,8275306,1.578,4.035,2.04
1770111598594,7931397,1.513,3.906,2.05
1770111603608,7976534,1.521,3.807,1.95
1770111608337,4314570,0.823,3.81,1.93
1770111610501,6829513,1.303,3.877,1.85
1770111610560,6829513,1.303,3.877,1.85
1770111614173,6829513,1.303,3.877,1.85
1770111614239,6829513,1.303,3.877,1.85
1770111619191,9119758,1.739,3.95,1.8
1770111624586,10955054,2.09,3.966,1.84
1770111629593,10580377,2.018,3.927,1.82
1770111634590,13759569,2.624,4.004,1.83
1770111639582,13759113,2.624,4.042,1.81
1770111644575,17111864,3.264,4.051,1.85
1770111659047,27074863,5.164,4.078,1.85
1770111659096,27074863,5.164,4.078,1.85
1770111664588,26891036,5.129,4.066,1.86
1770111669597,23937395,4.566,4.05,1.88
1770111674595,23927869,4.564,4.045,1.88
1770111679588,21076344,4.02,4.031,1.78
1770111684586,27306747,5.208,4.007,1.83
1770111689578,23768602,4.534,3.967,1.82
1770111694572,24422680,4.658,3.995,1.82
1770111699584,24584908,4.689,4.011,1.84
1770111704596,26683030,5.089,3.99,1.82
1770111709577,26929964,5.136,4.009,1.84
1770111714590,26927402,5.136,4.021,1.9
1770111719595,18866747,3.599,4.134,1.98
1770111752590,13769312,2.626,4.196,1.98
1770111780297,13425419,2.561,4.231,1.87
1770111784044,13497111,2.574,4.233,1.87
1770111785618,8401770,1.603,4.253,1.91
1770111785683,8401770,1.603,4.253,1.91
1770111790623,9812924,1.872,4.269,1.95
1770111796593,12114190,2.311,4.238,1.95
1770111801583,12279749,2.342,4.15,1.95
1770111806574,9912427,1.891,4.163,1.97
1770111810651,9997740,1.907,4.202,2.03
1770111816609,14592733,2.783,4.143,2.03
1770111821594,18195956,3.471,4.171,2.13
1770111826615,22417575,4.276,4.071,2.2
1770111831581,17834664,3.402,3.924,2.14
1770111836609,19868026,3.79,3.787,2.03
1770111841591,21024503,4.01,3.739,2.0
1770111846606,21959602,4.188,3.712,2.03
1770111851609,20160802,3.845,3.624,2.03
1770111856611,24425712,4.659,3.672,1.95
1770111861464,26546414,5.063,3.643,1.91
1770111865820,26546414,5.063,3.643,1.91
1770111870613,21793779,4.157,3.673,1.86
1770111875632,20610030,3.931,3.743,1.89
1770111884858,28705009,5.475,3.835,1.92
1770111884906,28705009,5.475,3.835,1.92
1770111889873,31405838,5.99,3.947,2.06
1770111895805,37158721,7.087,4.011,2.03
1770111895863,37158721,7.087,4.011,2.03
1770111896613,38632444,7.369,4.045,2.03
1770111896683,38632444,7.369,4.045,2.03
1770111896980,38632444,7.369,4.045,2.03
1770111901300,38632444,7.369,4.045,2.03
1770111901367,38632444,7.369,4.045,2.03
1770111906585,45605252,8.699,4.063,2.05
1770111911588,45058151,8.594,4.024,2.05
1770111916583,48678335,9.285,4.03,1.98
1770111921592,54087105,10.316,4.02,1.95
1770111926589,58336817,11.127,3.966,1.95
1770111931571,63081676,12.032,4.03,1.95
1770111936589,69548250,13.265,3.976,1.91
1770111941586,61590064,11.747,4.054,1.93
1770111946596,63447782,12.102,4.039,1.83
1770111951591,61622297,11.754,4.045,1.88
1770111956595,59988963,11.442,4.063,1.89
1770111961575,48611169,9.272,4.0,1.83
1770111992582,5606788,1.069,4.138,2.08
1770112020069,8708220,1.661,4.239,2.08
1770112021288,8708220,1.661,4.239,2.08
1770112023288,5173831,0.987,4.253,2.08
1770112023361,5173831,0.987,4.253,2.08
1770112028585,5034825,0.96,4.292,2.15
1770112031059,5034825,0.96,4.292,2.15
1770112031132,5034825,0.96,4.292,2.15
1770112036058,22885536,4.365,4.324,2.07
1770112038094,34102450,6.505,4.315,2.12
1770112038168,34102450,6.505,4.315,2.12
1770112042185,34102450,6.505,4.315,2.12
1770112042255,34102450,6.505,4.315,2.12
1770112047190,46322584,8.835,4.291,2.09
1770112049735,60476217,11.535,4.343,2.07
1770112049806,60476217,11.535,4.343,2.07
1770112056193,65786089,12.548,4.337,2.09
1770112056247,65786089,12.548,4.337,2.09
1770112061196,65797376,12.55,4.302,2.04
1770112066583,65799597,12.55,4.246,2.07
1770112071590,65541538,12.501,4.199,2.02
1770112076589,70610833,13.468,4.208,2.02
1770112081579,70607359,13.467,4.177,2.0
1770112086591,70573944,13.461,4.18,2.02
1770112091588,70553932,13.457,4.175,2.05
1770112096596,77697632,14.82,4.147,2.0
1770112101577,39921856,7.614,4.053,1.95
1770112106604,36571537,6.975,4.034,1.98
1770112111578,24327268,4.64,4.05,1.98
1770112116585,17178890,3.277,4.099,2.0
1770112121583,20805383,3.968,4.102,1.94
1770112133586,18469179,3.523,4.137,1.93
1770112135416,18469179,3.523,4.137,1.93
1770112135475,18469179,3.523,4.137,1.93
1770112140579,12563454,2.396,4.007,1.88
1770112145584,16806717,3.206,4.044,1.88
1770112150581,16951661,3.233,4.0,1.9
1770112155587,9267767,1.768,4.022,1.93
1770112160614,9281453,1.77,4.043,1.93
1770112165590,14994285,2.86,4.019,1.93
1770112170591,14988050,2.859,4.038,1.95
1770112175600,14997704,2.861,4.042,1.98
1770112180593,14811473,2.825,4.046,1.95
1770112185612,11237289,2.143,4.007,2.0
1770112190578,18253728,3.482,3.966,1.95
1770112195599,18248396,3.481,4.066,2.02
1770112201064,20335528,3.879,4.034,2.02
1770112205584,15577356,2.971,4.008,2.02
1770112210589,15688346,2.992,3.973,2.02
1770112215583,15559067,2.968,3.886,1.9
1770112220591,15535007,2.963,3.9,1.97
1770112225587,15687549,2.992,3.856,1.85
1770112230581,10359020,1.976,3.903,1.84
1770112235582,10720259,2.045,3.93,1.88
1770112240588,16971624,3.237,3.903,1.91
1770112245602,13267046,2.53,3.905,1.8
1770112250582,18519606,3.532,3.784,1.74
1770112255596,18014929,3.436,3.773,1.74
1770112260459,17942428,3.422,3.813,1.77
1770112265598,24121330,4.601,3.844,1.74
1770112270586,37082913,7.073,3.88,1.75
1770112275601,37131595,7.082,3.879,1.74
1770112280592,36941886,7.046,3.924,1.78
1770112285588,36933034,7.044,3.872,1.82
1770112290582,41542910,7.924,3.892,1.84
1770112295596,49630163,9.466,3.887,1.84
1770112300603,49446220,9.431,3.934,1.82
1770112305594,45428965,8.665,3.961,1.78
1770112310583,44554919,8.498,3.99,1.76
1770112315601,59389856,11.328,3.946,1.78
1770112320582,62908063,11.999,3.925,1.81
1770112352596,72805347,13.887,3.906,1.82
1770112412592,98206368,18.731,3.854,1.75
1770112433831,71684098,13.673,3.813,1.74
1770112435468,71684098,13.673,3.813,1.74
1770112443465,61758674,11.78,3.731,1.78
1770112443509,61758674,11.78,3.731,1.78
1770112461053,51411396,9.806,3.859,2.0
1770112461137,51411396,9.806,3.859,2.0
1770112465586,35867381,6.841,3.904,1.97
1770112465647,35867381,6.841,3.904,1.97
1770112470622,38538472,7.351,3.906,1.94
1770112475593,27404186,5.227,3.885,1.89
1770112480609,29034167,5.538,3.902,1.91
1770112485569,28979012,5.527,3.875,1.94
1770112487048,28979012,5.527,3.875,1.94
1770112487106,28979012,5.527,3.875,1.94
1770112492057,32408921,6.182,3.907,1.92
1770112497069,34141847,6.512,3.99,1.91
1770112502067,33819303,6.451,4.033,1.87
1770112507066,29363186,5.601,4.075,1.91
1770112512065,27293920,5.206,4.112,1.91
1770112517080,24482636,4.67,4.177,1.91
1770112520506,22257295,4.245,4.132,1.96
1770112520569,22257295,4.245,4.132,1.96
1770112521310,22257295,4.245,4.132,1.96
1770112521360,22257295,4.245,4.132,1.96
1770112523066,22203891,4.235,4.122,1.91
1770112523123,22203891,4.235,4.122,1.91
1770112527887,19364294,3.693,4.116,1.91
1770112527940,19364294,3.693,4.116,1.91
1770112530585,19364294,3.693,4.116,1.91
1770112530674,19364294,3.693,4.116,1.91
1770112535596,19352228,3.691,4.069,1.98
1770112541584,19026830,3.629,4.036,1.93
1770112546587,15326760,2.923,4.053,1.93
1770112551591,11194023,2.135,4.052,1.93
1770112555602,11196178,2.136,4.05,1.91
1770112561596,11203694,2.137,4.08,1.91
1770112565606,13739353,2.621,4.074,1.93
1770112570591,8750086,1.669,4.108,1.93
1770112576592,8740337,1.667,4.088,1.89
1770112581593,8747021,1.668,4.051,1.84
1770112585622,13692227,2.612,4.016,1.86
1770112590598,13690416,2.611,4.002,1.82
1770112596616,13606500,2.595,3.999,1.78
1770112600716,13606326,2.595,3.993,1.74
1770112606593,15309373,2.92,3.957,1.73
1770112611575,15298146,2.918,3.963,1.76
1770112616580,15287466,2.916,3.968,1.76
1770112621581,15286378,2.916,3.942,1.76
1770112626592,16812239,3.207,3.951,1.8
1770112630591,16813035,3.207,3.952,1.8
1770112636592,17349822,3.309,3.926,1.8
1770112640608,16437723,3.135,3.913,1.82
1770112646589,16422316,3.132,3.911,1.78
1770112651587,16418466,3.132,3.862,1.83
1770112656600,16410337,3.13,3.861,1.81
1770112661602,16406723,3.129,3.857,1.88
1770112666594,16406982,3.129,3.882,1.88
1770112671580,13717753,2.616,3.823,1.82
1770112676581,13719503,2.617,3.872,1.85
1770112681593,8844202,1.687,3.915,1.86
1770112686593,9023212,1.721,3.931,1.88
1770112691590,5710573,1.089,3.969,1.87
1770112696578,6586497,1.256,3.947,1.89
1770112701587,5654958,1.079,3.858,1.93
1770112712588,4660171,0.889,3.831,1.88
1770112730238,7252025,1.383,3.783,1.9
1770112730608,7252025,1.383,3.783,1.9
1770112736603,8074214,1.54,3.741,1.9
1770112741594,9265962,1.767,3.723,1.88
1770112746613,10644378,2.03,3.692,1.88
1770112751626,10829759,2.066,3.68,1.86
1770112756352,10540708,2.01,3.777,1.89
1770112761590,10071419,1.921,3.77,1.82
1770112766581,10784139,2.057,3.794,1.8
1770112771592,11012265,2.1,3.771,1.83
1770112776386,11218419,2.14,3.669,1.78
1770112781604,10476988,1.998,3.652,1.75
1770112786589,9599011,1.831,3.67,1.72
1770112791579,8069918,1.539,3.67,1.72
1770112796597,8044461,1.534,3.676,1.72
1770112801580,6266314,1.195,3.626,1.84
1770112806600,6704764,1.279,3.603,1.78
1770112811610,5999787,1.144,3.617,1.74
1770112816632,5753558,1.097,3.646,1.77
1770112821642,4767220,0.909,3.601,1.77
1770112826618,4348638,0.829,3.567,1.81
1770112831610,3436966,0.656,3.576,1.76
1770112836584,2084964,0.398,3.539,1.82
1770112892588,18235815,3.478,4.065,1.84
1770112952607,44242057,8.439,3.789,1.84
1770113012611,10023718,1.912,4.07,1.98
1770113072586,5921020,1.129,3.957,1.89
1770113076358,8901438,1.698,3.958,1.87
1770113078890,8901438,1.698,3.958,1.87
1770113078969,8901438,1.698,3.958,1.87
1770113080936,8901438,1.698,3.958,1.87
1770113081027,8901438,1.698,3.958,1.87
1770113084935,11602183,2.213,3.933,1.91
1770113085032,11602183,2.213,3.933,1.91
1770113087893,16065282,3.064,3.924,1.93
1770113087963,16065282,3.064,3.924,1.93
1770113089795,16065282,3.064,3.924,1.93
1770113089886,16065282,3.064,3.924,1.93
1770113094804,19513515,3.722,3.945,1.93
1770113099796,21485324,4.098,3.892,1.86
1770113102692,21615691,4.123,3.876,1.88
1770113102747,21615691,4.123,3.876,1.88
1770113167119,14997343,2.861,3.815,1.79
1770113167183,14997343,2.861,3.815,1.79
1770113169399,14997343,2.861,3.815,1.79
1770113169483,14997343,2.861,3.815,1.79
1770113174402,17250797,3.29,3.807,1.79
1770113657094,21644200,4.128,3.7,1.89
1770113657157,21644200,4.128,3.7,1.89
1770113658230,21644200,4.128,3.7,1.89
1770113658303,21644200,4.128,3.7,1.89
1770113661801,21353329,4.073,3.738,1.8
1770113661874,21353329,4.073,3.738,1.8
1770113666808,23676489,4.516,3.799,1.84
1770113671790,22059507,4.208,3.793,1.85
1770113676814,22072368,4.21,3.829,1.88
1770113681794,21814972,4.161,3.849,1.9
1770113686812,21815073,4.161,3.837,1.9
1770113691799,21757030,4.15,3.825,1.9
1770113697603,21762307,4.151,3.801,1.9
1770113702583,17192125,3.279,3.74,1.88
1770113707591,17114126,3.264,3.778,1.86
1770113712589,8355443,1.594,3.774,1.84
1770113717589,10416036,1.987,3.744,1.86
1770113722601,14264035,2.721,3.69,1.95
1770113727596,22065796,4.209,3.533,1.89
1770113732596,16277151,3.105,3.535,1.94
1770113737603,23352985,4.454,3.505,1.92
1770113742586,28308518,5.399,3.566,1.95
1770113747592,32776786,6.252,3.687,1.85
1770113752616,43047644,8.211,3.705,1.88
1770113782593,53782937,10.258,3.784,1.95
1770113786823,53743876,10.251,3.806,1.89
1770113792623,44788638,8.543,3.806,1.86
1770113797593,43820798,8.358,3.875,1.87
1770113802578,29038641,5.539,3.817,1.88
1770113807605,24621248,4.696,3.866,1.87
1770113812623,21789107,4.156,3.931,1.88
1770113817599,30451720,5.808,3.927,1.89
1770113822610,32206052,6.143,3.906,1.89
1770113827627,21561459,4.113,4.027,1.94
1770113832612,21591831,4.118,4.102,1.94
1770113837629,23737948,4.528,4.126,1.98
1770113842601,34898480,6.656,4.109,1.96
1770113847594,28424401,5.422,4.085,1.94
1770113852598,28443198,5.425,3.999,1.91
1770113910747,21574441,4.115,4.06,1.83
1770113911811,21574441,4.115,4.06,1.83
1770113913127,8672213,1.654,4.126,1.87
1770113913218,8672213,1.654,4.126,1.87
1770113918105,9816615,1.872,4.06,1.89
1770113923103,10808680,2.062,3.942,1.96
1770113928600,8265846,1.577,3.99,1.96
1770113933594,3303219,0.63,4.06,2.0
1770113938605,3298919,0.629,4.011,1.96
1770113943593,3950812,0.754,3.963,1.96
1770113948595,4014451,0.766,4.042,2.0
1770113953598,3898667,0.744,4.067,2.02
1770113958608,2718120,0.518,4.072,2.04
1770113963666,4190303,0.799,3.992,1.98
1770113968592,5580629,1.064,3.95,1.94
1770113973596,5547026,1.058,3.921,2.0
1770113978583,6027819,1.15,3.871,1.98
1770113983597,6554716,1.25,3.854,2.02
1770113995169,10970073,2.092,3.822,1.98
1770113997254,10970073,2.092,3.822,1.98
1770113997356,10970073,2.092,3.822,1.98
1770114002277,10200598,1.946,3.919,1.84
1770114002366,10200598,1.946,3.919,1.84
1770114007263,10619897,2.026,3.898,1.89
1770114009455,9593518,1.83,4.028,1.88
1770114009535,9593518,1.83,4.028,1.88
1770114011388,9593518,1.83,4.028,1.88
1770114011459,9593518,1.83,4.028,1.88
1770114011983,9593518,1.83,4.028,1.88
1770114012094,9593518,1.83,4.028,1.88
1770114017605,10383593,1.981,4.026,1.86
1770114022604,11481464,2.19,4.079,1.85
1770114026937,8437893,1.609,4.095,1.87
1770114027951,8437893,1.609,4.095,1.87
1770114028040,8437893,1.609,4.095,1.87
1770114033606,7565512,1.443,4.104,1.86
1770114038591,7553814,1.441,4.017,1.87
1770114043598,5726629,1.092,3.959,1.84
1770114048587,4063247,0.775,4.054,1.89
1770114053614,4037286,0.77,4.031,1.91
1770114058584,4032784,0.769,3.993,1.9
1770114063589,2550939,0.487,4.004,1.92
1770114068599,2640309,0.504,4.013,1.98
1770114073005,2640309,0.504,4.013,1.98
1770114078596,614528,0.117,4.073,1.92
1770114083586,727793,0.139,4.054,1.9
1770114088596,833978,0.159,4.009,1.94
1770114093594,1119334,0.213,3.922,1.89
1770114098581,1347459,0.257,3.825,1.82
1770114103589,1709851,0.326,3.817,1.87
1770114108609,5413207,1.032,3.864,1.93
1770114113586,8219774,1.568,3.928,1.9
1770114118594,11116888,2.12,3.939,1.88
1770114123586,13954826,2.662,4.079,1.83
1770114128585,13954826,2.662,4.079,1.83
1770114132946,14455185,2.757,4.051,1.83
1770114138597,17740901,3.384,4.145,1.87
1770114143582,19958123,3.807,4.165,1.9
1770114148581,22132123,4.221,4.188,1.9
1770114153585,21428157,4.087,4.243,1.94
1770114158591,18449647,3.519,4.298,1.92
1770114163594,20050822,3.824,4.327,2.0
1770114168599,22416665,4.276,4.357,2.0
1770114173600,19684400,3.755,4.293,2.0
1770114178598,23177947,4.421,4.189,2.0
1770114183591,22916116,4.371,4.183,2.02
1770114188599,26019092,4.963,4.141,2.0
1770114192946,22475295,4.287,4.16,2.13
1770114197946,20366008,3.885,4.173,2.08
1770114203591,21819297,4.162,4.163,2.05
1770114208592,19424005,3.705,4.126,2.03
1770114213586,19495851,3.719,4.16,2.0
1770114218595,15032556,2.867,4.161,2.0
1770114223590,15146700,2.889,4.179,1.95
1770114228591,14220883,2.712,4.056,1.84
1770114233590,7203124,1.374,4.147,1.89
1770114238585,7566226,1.443,4.109,1.85
1770114243593,7869825,1.501,4.107,1.84
1770114248579,7987289,1.523,4.105,1.91
1770114253590,4118306,0.786,4.169,1.88
1770114258587,5772582,1.101,4.221,1.92
1770114272580,5439401,1.037,4.139,1.82
1770114274260,5439401,1.037,4.139,1.82
1770114277953,5302968,1.011,4.135,1.85
1770114282948,3683138,0.703,4.097,1.85
1770114287954,3551588,0.677,4.121,1.84
1770114293598,3526234,0.673,4.067,1.81
1770114298595,3393587,0.647,4.017,1.8
1770114303586,3183660,0.607,4.032,1.82
1770114308612,2729603,0.521,4.037,1.84
1770114313611,2894533,0.552,4.032,1.87
1770114318610,5589391,1.066,3.937,1.9
1770114323600,3762983,0.718,3.958,1.95
1770114328598,4621864,0.882,3.999,1.95
1770114333587,10252196,1.955,3.943,2.0
1770114338583,10410305,1.986,3.893,2.0
1770114343578,10668149,2.035,3.868,2.0
1770114348591,13655388,2.605,3.785,1.97
1770114362038,14934135,2.848,3.823,1.94
1770114362964,14934135,2.848,3.823,1.94
1770114367963,18600204,3.548,3.853,1.91
1770114372951,19753249,3.768,3.811,1.91
1770114377973,17297788,3.299,3.885,1.85
1770114382961,17231286,3.287,3.891,1.89
1770114387974,20828618,3.973,3.927,1.85
1770114392954,18617344,3.551,3.907,1.87
1770114397954,18457818,3.521,3.982,1.88
1770114402946,18191197,3.47,4.002,1.88
1770114407957,25330087,4.831,3.991,1.84
1770114412958,23805137,4.54,3.993,1.82
1770114417965,23386756,4.461,4.009,1.82
1770114422959,22705144,4.331,4.053,1.8
1770114427935,26163214,4.99,4.008,1.85
1770114432957,26149204,4.988,3.999,1.85
1770114437957,20398499,3.891,4.055,1.81
1770114442955,20350000,3.881,4.026,1.81
1770114447956,23636488,4.508,4.05,1.81
1770114452958,23634893,4.508,4.025,1.82
1770114457953,23625073,4.506,4.014,1.82
1770114462962,15712272,2.997,4.006,1.88
1770114467958,19014661,3.627,3.965,1.92
1770114472957,19024627,3.629,3.979,1.95
1770114477968,10434019,1.99,4.025,1.95
1770114482995,10456070,1.994,4.084,1.95
1770114487949,9457255,1.804,4.061,1.95
1770114492953,9451133,1.803,4.049,1.93
1770114497959,9448130,1.802,4.063,1.95
1770114502964,9435069,1.8,4.134,1.87
1770114507942,6121728,1.168,4.135,1.82
1770114512957,6138850,1.171,4.182,1.81
1770114517970,6136425,1.17,4.136,1.78
1770114522953,3282804,0.626,4.114,1.81
1770114527967,6237571,1.19,3.902,1.69
1770114532960,8399573,1.602,3.985,1.76
1770114537957,11109071,2.119,3.967,1.78
1770114543611,12453969,2.375,3.961,1.77
1770114548591,14104738,2.69,4.022,1.83
1770114553586,18542930,3.537,4.021,1.89
1770114558592,18551197,3.538,4.029,1.93
1770114562977,21308817,4.064,4.01,1.95
1770114564128,21308817,4.064,4.01,1.95
1770114564218,21308817,4.064,4.01,1.95
1770114569118,21309759,4.065,3.985,1.95
1770114574132,21306292,4.064,4.02,2.03
1770114576087,21306292,4.064,4.02,2.03
1770114576155,21306292,4.064,4.02,2.03
1770114578972,21317436,4.066,4.006,2.0
1770114579051,21317436,4.066,4.006,2.0
1770114583982,20990532,4.004,4.016,1.97
1770114589585,24010136,4.58,4.074,2.0
1770114594595,21039285,4.013,4.109,1.98
1770114599590,18855439,3.596,4.192,2.03
1770114604592,16125814,3.076,4.237,2.03
1770114609581,19220626,3.666,4.246,2.0
1770114614590,19199834,3.662,4.286,2.0
1770114619599,13125320,2.503,4.263,1.93
1770114623987,13137112,2.506,4.192,1.91
1770114624102,13137112,2.506,4.192,1.91
1770114624212,13137112,2.506,4.192,1.91
1770114629602,13139739,2.506,4.263,1.78
1770114634607,13132016,2.505,4.28,1.82
1770114639603,13130845,2.505,4.294,1.84
1770114645117,13105132,2.5,4.297,1.84
1770114651455,9993944,1.906,4.442,1.95
1770114654594,3387983,0.646,4.449,1.94
1770114659121,3809170,0.727,4.407,1.98
1770114664387,1759560,0.336,4.356,2.04
1770114664490,1759560,0.336,4.356,2.04
1770114669376,1804204,0.344,4.316,2.02
1770114674375,2068501,0.395,4.327,1.97
1770114679370,2196885,0.419,4.293,1.95
1770114681636,2196885,0.419,4.293,1.95
1770114681696,2196885,0.419,4.293,1.95
1770114684127,2320294,0.443,4.056,1.87
1770114684267,2320294,0.443,4.056,1.87
1770114689083,2412429,0.46,4.111,1.98
1770114689143,2412429,0.46,4.111,1.98
1770114691126,2412429,0.46,4.111,1.98
1770114691184,2412429,0.46,4.111,1.98
1770114692116,2412429,0.46,4.111,1.98
1770114692205,2412429,0.46,4.111,1.98
1770114694655,2374442,0.453,4.063,1.98
1770114694749,2374442,0.453,4.063,1.98
1770114700607,4272541,0.815,4.121,1.96
1770114705125,7502684,1.431,4.09,1.9
1770114706543,7502684,1.431,4.09,1.9
1770114706668,7502684,1.431,4.09,1.9
1770114707233,7502684,1.431,4.09,1.9
1770114707319,7502684,1.431,4.09,1.9
1770114712248,10636672,2.029,4.135,1.92
1770114714778,15218128,2.903,4.112,1.94
1770114714860,15218128,2.903,4.112,1.94
1770114717213,15218128,2.903,4.112,1.94
1770114717287,15218128,2.903,4.112,1.94
1770114722416,24581962,4.689,4.044,1.9
1770114724316,24537390,4.68,4.102,1.86
1770114724395,24537390,4.68,4.102,1.86
1770114729584,33110385,6.315,4.02,1.84
1770114734594,33812322,6.449,4.05,1.85
1770114739588,33219000,6.336,4.083,1.83
1770114744605,30841001,5.882,4.096,1.83
1770114749595,27509777,5.247,4.145,1.79
1770114754590,35988786,6.864,4.108,1.78
1770114759592,35870769,6.842,4.1,1.76
1770114764589,32640093,6.226,4.121,1.78
1770114769600,27894013,5.32,4.14,1.78
1770114774587,18340374,3.498,4.176,1.88
1770114779590,26086094,4.976,4.154,1.94
1770114784596,25956103,4.951,4.032,2.0
1770114812531,25045035,4.777,3.914,2.02
1770114814288,25731155,4.908,3.896,2.0
1770114819621,26234562,5.004,3.878,1.95
1770114824608,23601485,4.502,3.924,1.87
1770114829612,24097350,4.596,3.942,1.87
1770114834595,24238235,4.623,3.927,1.87
1770114839595,24526215,4.678,3.834,1.82
1770114844604,19918494,3.799,3.858,1.82
1770114844659,19918494,3.799,3.858,1.82
1770114850589,12694321,2.421,3.983,1.9
1770114855605,12012754,2.291,4.082,1.88
1770114860606,11081528,2.114,4.213,1.92
1770114865597,11416596,2.178,4.198,1.86
1770114870581,5722987,1.092,4.149,1.8
1770114875586,5608200,1.07,4.168,1.83
1770114932595,46418488,8.854,3.985,1.93
1770114974290,67856257,12.943,4.03,1.86
1770114974611,67856257,12.943,4.03,1.86
1770114976960,47421434,9.045,4.034,1.93
1770114977036,47421434,9.045,4.034,1.93
1770114981973,48142321,9.182,4.031,1.95
1770114984486,48142321,9.182,4.031,1.95
1770114984564,48142321,9.182,4.031,1.95
1770114985982,53073402,10.123,3.969,1.98
1770114986056,53073402,10.123,3.969,1.98
1770114987677,53073402,10.123,3.969,1.98
1770114987754,53073402,10.123,3.969,1.98
1770114992691,45945390,8.763,3.96,1.98
1770114998592,37479065,7.149,4.02,2.02
1770115003582,41593619,7.933,4.003,2.0
1770115008604,56380634,10.754,3.959,1.97
1770115013588,59934064,11.432,3.955,2.0
1770115018589,54138731,10.326,3.919,1.97
1770115023597,55227882,10.534,3.862,1.97
1770115028577,57159735,10.902,3.865,1.92
1770115033598,67774710,12.927,3.963,1.95
1770115038600,63696711,12.149,3.986,1.97
1770115043589,62192605,11.862,3.954,1.97
1770115047679,67435096,12.862,3.984,1.97
1770115052687,62711449,11.961,4.022,2.0
1770115057698,62785582,11.975,4.031,2.03
1770115058652,62785582,11.975,4.031,2.03
1770115058739,62785582,11.975,4.031,2.03
1770115063673,63223987,12.059,4.046,1.97
1770115066778,63522253,12.116,4.019,2.0
1770115066859,63522253,12.116,4.019,2.0
1770115067710,63522253,12.116,4.019,2.0
1770115067806,63522253,12.116,4.019,2.0
1770115072717,56549502,10.786,4.024,1.92
1770115078596,41759090,7.965,4.036,1.9
1770115081454,38374750,7.319,4.034,1.88
1770115081542,38374750,7.319,4.034,1.88
1770115086591,34559969,6.592,4.072,1.9
1770115091575,34559969,6.592,4.072,1.9
1770115096609,41077012,7.835,4.09,1.88
1770115101589,29833806,5.69,4.082,1.88
1770115106601,34956413,6.667,4.049,1.87
1770115111591,40427161,7.711,4.0,1.82
1770115116598,40144578,7.657,4.013,1.8
1770115121590,39941337,7.618,4.02,1.8
1770115126587,46895248,8.945,3.959,1.79
1770115131587,37481720,7.149,3.861,1.76
1770115136600,37413038,7.136,3.861,1.78
1770115141463,37135283,7.083,3.939,1.82
1770115146463,39995073,7.628,3.872,1.84
1770115151459,40377024,7.701,3.931,1.92
1770115156467,40542619,7.733,3.86,1.97
1770115161586,40568114,7.738,3.885,1.97
1770115165613,35350604,6.743,3.873,2.0
1770115165824,35350604,6.743,3.873,2.0
1770115170582,26782548,5.108,3.881,2.09
1770115175580,26848220,5.121,3.882,2.09
1770115177865,21727966,4.144,3.906,2.06
1770115177938,21727966,4.144,3.906,2.06
1770115183596,16296331,3.108,3.858,2.06
1770115187881,21849427,4.167,3.867,2.06
1770115189309,21849427,4.167,3.867,2.06
1770115189387,21849427,4.167,3.867,2.06
1770115194355,21849188,4.167,3.84,2.06
1770115199318,14503253,2.766,3.949,2.06
1770115204593,14509299,2.767,3.949,2.06
1770115209592,20494944,3.909,3.956,2.0
1770115214596,21762790,4.151,3.956,2.0
1770115219603,18485237,3.526,3.965,1.97
1770115224596,18048075,3.442,3.926,1.89
1770115229595,17713175,3.379,3.951,1.88
1770115234594,20934588,3.993,3.869,1.82
1770115239591,16940210,3.231,3.912,1.84
1770115244580,17426075,3.324,3.811,1.85
1770115249344,17758344,3.387,3.776,1.88
1770115254323,18098293,3.452,3.827,1.9
1770115259599,18537693,3.536,3.8,1.84
1770115264317,13216175,2.521,3.815,1.92
1770115269584,13285015,2.534,3.779,1.97
1770115274446,6395204,1.22,3.772,1.92
1770115274523,6395204,1.22,3.772,1.92
1770115279303,6795774,1.296,3.774,1.89
1770115279395,6795774,1.296,3.774,1.89
1770115279967,6795774,1.296,3.774,1.89
1770115280047,6795774,1.296,3.774,1.89
1770115281277,6795774,1.296,3.774,1.89
1770115281346,6795774,1.296,3.774,1.89
1770115281893,6795774,1.296,3.774,1.89
1770115282028,6795774,1.296,3.774,1.89
1770115287425,6984081,1.332,3.777,1.92
1770115287631,6984081,1.332,3.777,1.92
1770115292333,11369241,2.169,3.76,1.97
1770115297617,18248264,3.481,3.88,1.95
1770115302365,29147940,5.56,3.956,1.97
1770115307598,30552043,5.827,4.005,2.0
1770115312583,32756574,6.248,3.972,1.95
1770115317601,32588317,6.216,3.937,1.97
1770115322610,32898303,6.275,3.883,1.92
1770115327610,36229376,6.91,3.948,1.95
1770115332655,45122808,8.606,3.997,1.95
1770115337591,45005464,8.584,3.967,1.95
1770115342632,30295759,5.778,3.964,1.97
1770115347639,19706223,3.759,3.918,2.0
1770115351276,23943416,4.567,3.874,1.85
1770115351430,23943416,4.567,3.874,1.85
1770115352213,23943416,4.567,3.874,1.85
1770115352309,23943416,4.567,3.874,1.85
1770115357222,21152317,4.034,3.868,1.82
1770115362202,20575505,3.924,3.892,1.85
1770115367235,20609246,3.931,3.938,1.83
1770115372605,26042125,4.967,3.858,1.89
1770115377596,14393586,2.745,3.898,1.92
1770115382599,14143709,2.698,3.901,1.92
1770115387582,14066481,2.683,3.869,1.9
1770115392609,14045912,2.679,3.803,1.85
1770115397592,26321181,5.02,3.776,1.85
1770115402600,21956096,4.188,3.781,1.83
1770115407592,21563125,4.113,3.772,1.85
1770115412596,21541400,4.109,3.787,1.9
1770115417601,24431018,4.66,3.769,1.92
1770115422199,30247355,5.769,3.7,1.92
1770115427224,30244706,5.769,3.686,1.89
1770115429157,30244706,5.769,3.686,1.89
1770115429224,30244706,5.769,3.686,1.89
1770115445090,32182801,6.138,3.513,1.91
1770115445168,32182801,6.138,3.513,1.91
1770115450603,32639739,6.226,3.576,1.81
1770115454698,32786098,6.253,3.608,1.85
1770115454805,32786098,6.253,3.608,1.85
1770115459693,32786098,6.253,3.608,1.85
1770115465257,22208311,4.236,3.75,1.89
1770115585224,25643979,4.891,3.757,1.94
1770115585282,25643979,4.891,3.757,1.94
1770115587126,21862103,4.17,3.74,1.91
1770115587198,21862103,4.17,3.74,1.91
1770115592151,19104814,3.644,3.789,1.91
1770115597134,16577059,3.162,3.833,1.95
1770115598505,16577059,3.162,3.833,1.95
1770115598565,16577059,3.162,3.833,1.95
1770115603519,16657954,3.177,3.792,1.95
1770115608588,16782784,3.201,3.814,1.95
1770115613594,13781993,2.629,3.839,1.97
1770115618583,12295785,2.345,3.86,2.0
1770115623598,9751032,1.86,3.916,2.03
1770115628592,9886731,1.886,3.9,2.0
1770115633603,9485226,1.809,3.866,1.95
1770115638592,9496507,1.811,3.77,1.89
1770115643597,6617810,1.262,3.814,1.97
1770115648607,7058863,1.346,3.857,1.97
1770115653603,6749082,1.287,3.92,1.97
1770115658584,6223443,1.187,3.981,2.03
1770115663532,3402011,0.649,4.025,2.0
1770116171759,10595579,2.021,3.969,2.08
1770116171823,10595579,2.021,3.969,2.08
1770116176775,8882962,1.694,3.982,2.08
1770116181788,7510726,1.433,4.017,2.11
1770116186776,7490829,1.429,3.906,2.12
1770116191763,6072182,1.158,3.893,2.05
1770116196768,6622114,1.263,3.982,2.0
1770116202606,4312540,0.823,4.032,2.08
1770116207588,4307811,0.822,4.07,2.02
1770116256058,704441,0.134,4.196,1.91
1770116256147,704441,0.134,4.196,1.91
1770116261604,132501,0.025,4.185,1.88
1770116266059,133606,0.025,4.241,2.0
1770116268359,133606,0.025,4.241,2.0
1770116268455,133606,0.025,4.241,2.0
1770116273367,193633,0.037,4.298,2.02
1770116278354,197466,0.038,4.329,2.05
1770116283374,207595,0.04,4.382,2.07
1770116288598,207563,0.04,4.322,2.02
1770116293620,221857,0.042,4.277,2.02
1770116298438,236272,0.045,4.255,2.07
1770116300029,2742711,0.523,4.267,2.11
1770116300110,2742711,0.523,4.267,2.11
1770116300233,2742711,0.523,4.267,2.11
1770116300326,2742711,0.523,4.267,2.11
1770116305606,4192133,0.8,4.233,2.14
1770116310597,4195648,0.8,4.245,2.16
1770116315596,4190852,0.799,4.214,2.11
1770116320596,4164826,0.794,4.102,2.09
1770116325599,4145728,0.791,4.135,2.04
1770116330587,4144188,0.79,4.199,1.96
1770116335600,4144629,0.791,3.989,1.8
1770116340606,4130681,0.788,4.075,1.93
1770116345587,4133661,0.788,4.18,1.93
1770116350593,4112229,0.784,4.112,1.91
1770116355593,4113719,0.785,4.132,1.93
1770116360610,3856051,0.735,4.139,1.95
1770116372597,1589290,0.303,4.103,1.89
1770116375015,1607946,0.307,4.118,1.87
1770116380010,140706,0.027,4.137,1.93
1770116381158,140706,0.027,4.137,1.93
1770116381299,140706,0.027,4.137,1.93
1770116386182,141376,0.027,4.183,1.89
1770116391186,150307,0.029,4.196,1.89
1770116396202,150623,0.029,4.231,1.86
1770116401640,142243,0.027,4.144,1.9
1770116406186,1851582,0.353,4.081,1.97
1770116411191,3759157,0.717,4.054,1.94
1770116412067,3759157,0.717,4.054,1.94
1770116412165,3759157,0.717,4.054,1.94
1770116417081,4858315,0.927,4.0,1.89
1770116422060,4994726,0.953,3.934,1.94
1770116425462,7442291,1.42,3.959,1.94
1770116425561,7442291,1.42,3.959,1.94
1770116427756,7442291,1.42,3.959,1.94
1770116427836,7442291,1.42,3.959,1.94
1770116429905,7442291,1.42,3.959,1.94
1770116430010,9257789,1.766,3.949,1.94
1770116435639,10238562,1.953,3.963,2.0
1770116440486,12360704,2.358,3.965,1.97
1770290617437,6077995,1.159,3.954,1.88
1770290617711,6077995,1.159,3.954,1.88
1770290617964,6077995,1.159,3.954,1.88
1770290618255,6077995,1.159,3.954,1.88
1770290622350,6063525,1.157,4.04,1.94
1770290627348,5753826,1.097,4.086,1.98
1770290632932,4776452,0.911,4.095,2.06
1770290637901,5982007,1.141,4.126,2.09
1770290642912,5677240,1.083,4.171,2.06
1770290647361,9238737,1.762,4.175,2.08
1770290652337,8229720,1.57,4.107,2.11
1770290654567,8229720,1.57,4.107,2.11
1770290654776,8229720,1.57,4.107,2.11
1770290657067,8232707,1.57,4.025,2.07
1770290657346,8232707,1.57,4.025,2.07
1770290662066,8250118,1.574,3.992,2.05
1770290667078,7060613,1.347,3.972,2.05
1770290927542,3116724,0.594,3.866,1.98
1770290927691,3116724,0.594,3.866,1.98
1770291455168,12030316,2.295,3.82,1.84
1770291455247,12030316,2.295,3.82,1.84
1770291458092,12030316,2.295,3.82,1.84
1770291458160,12030316,2.295,3.82,1.84
1770291458971,13000777,2.48,3.808,1.84
1770291459079,13000777,2.48,3.808,1.84
1770291463966,11473208,2.188,3.766,1.83
1770291468970,12456193,2.376,3.71,1.85
1770291471459,12456193,2.376,3.71,1.85
1770291471573,12456193,2.376,3.71,1.85
1770291476473,11077879,2.113,3.779,1.86
1770291491634,7432705,1.418,3.936,1.91
1770291491714,7432705,1.418,3.936,1.91
1770291496637,6135602,1.17,3.961,1.93
1770291499123,5210312,0.994,4.005,1.98
1770291499217,5210312,0.994,4.005,1.98
1770291503825,5210312,0.994,4.005,1.98
1770291503964,4164939,0.794,4.034,1.98
1770291508813,4164939,0.794,4.034,1.98
1770291512136,4130401,0.788,4.037,1.98
1770291512239,4130401,0.788,4.037,1.98
1770291512628,4130401,0.788,4.037,1.98
1770291512711,4130401,0.788,4.037,1.98
1770291515613,3605003,0.688,4.019,1.98
1770291515691,3605003,0.688,4.019,1.98
1770291518347,3605003,0.688,4.019,1.98
1770291518455,3605003,0.688,4.019,1.98
1770291523342,2357301,0.45,4.018,1.92
1770291528761,2133979,0.407,4.046,1.95
1770291533782,449970,0.086,4.087,1.95
1770291538764,433054,0.083,4.063,1.84
1770291543753,424589,0.081,4.013,1.84
1770291548748,371348,0.071,4.005,1.86
1770291553753,387352,0.074,3.978,1.81
1770291558755,384818,0.073,3.947,1.81
1770291563772,381789,0.073,3.946,1.76
1770291568748,379720,0.072,3.956,1.77
1770291573748,383619,0.073,3.931,1.76
1770291578779,384909,0.073,3.901,1.76
1770291583764,385402,0.074,3.939,1.81
1770291618760,3582832,0.683,4.145,2.02
1770291678750,22880201,4.364,4.1,1.96
1770291738758,13546189,2.584,4.006,1.96
1770291743337,13885229,2.648,4.084,1.96
1770291753164,10998288,2.098,4.02,1.87
1770291753256,10998288,2.098,4.02,1.87
1770291758161,11342781,2.163,4.0,1.89
1770291763152,9647118,1.84,4.024,1.91
1770291768153,7918527,1.51,4.119,1.9
1770291773752,6539308,1.247,4.063,1.84
1770291778751,6700337,1.278,4.019,1.88
1770291783743,5978682,1.14,4.069,1.86
1770291788741,6395674,1.22,4.064,1.92
1770291793761,4940940,0.942,4.101,1.9
1770291798753,5045140,0.962,4.068,1.9
1770291803751,5046429,0.963,4.08,1.9
1770291808750,6275891,1.197,4.097,1.91
1770291813773,8482591,1.618,4.022,1.9
1770291818166,10035985,1.914,3.916,1.84
1770291823481,11252471,2.146,3.909,1.84
1770291828755,11874993,2.265,3.896,1.85
1770291833758,12291109,2.344,3.88,1.79
1770291838750,12289988,2.344,3.889,1.84
1770291843819,12707267,2.424,3.807,1.9
1770291848998,12306684,2.347,3.812,1.86
1770291853941,12111986,2.31,3.833,1.88
1770291858868,10154909,1.937,3.806,1.9
1770291863757,8122296,1.549,3.835,1.95
1770291868756,9910866,1.89,3.825,1.93
1770291873754,10811592,2.062,3.827,1.9
1770291878765,11084572,2.114,3.858,1.92
1770291883738,13746012,2.622,3.805,1.89
1770291918754,24489110,4.671,3.946,1.81
1770291978759,17675199,3.371,3.722,1.81
1770292038769,15157315,2.891,4.015,1.89
1770292098776,26321415,5.02,3.746,2.03
1770292155989,12092277,2.306,3.882,1.95
1770292158149,12092277,2.306,3.882,1.95
1770292163321,9458764,1.804,3.948,1.88
1770292163434,9458764,1.804,3.948,1.88
1770292168336,8465131,1.615,4.001,1.91
1770292172455,6343477,1.21,4.009,1.93
1770292172564,6343477,1.21,4.009,1.93
1770292191591,4759293,0.908,4.233,2.0
1770292191662,4759293,0.908,4.233,2.0
1770292194617,3655585,0.697,4.237,1.98
1770292194680,3655585,0.697,4.237,1.98
1770292197167,3655585,0.697,4.237,1.98
1770292197276,3655585,0.697,4.237,1.98
1770292202745,2284229,0.436,4.244,1.93
1770292207748,2483197,0.474,4.221,1.93
1770292212735,3536938,0.675,4.115,1.86
1770292217740,5074871,0.968,4.085,1.88
1770292222759,6825484,1.302,4.099,1.88
1770292227756,6870484,1.31,4.168,1.88
1770292232761,8817088,1.682,4.114,1.87
1770292237758,9565758,1.825,3.976,1.87
1770292242755,10406336,1.985,3.92,1.93
1770292247744,11335902,2.162,3.918,1.95
1770292252759,12499162,2.384,3.891,1.93
1770292257739,13310883,2.539,3.879,1.9
1770292262758,14315111,2.73,3.917,1.82
1770292267765,13697318,2.613,3.94,1.83
1770292272774,13292025,2.535,3.94,1.86
1770292277768,13260663,2.529,3.981,1.83
1770292338750,9333406,1.78,3.93,1.98
1770292398747,2342821,0.447,4.222,1.94
1770292458744,121128,0.023,4.12,1.95
1770292518745,9327902,1.779,3.959,1.98
1770292578779,13387888,2.554,3.927,1.98
1770292638752,8427099,1.607,4.005,1.9
1770292698754,452741,0.086,4.086,1.92
1770292758751,2181112,0.416,4.266,1.98
1770292818773,8077734,1.541,3.931,1.88
1770292878752,2810233,0.536,3.886,1.93
1770292938773,5769782,1.1,3.998,1.88
1770292998770,8441302,1.61,3.886,1.96
1770293058744,2305092,0.44,4.009,1.94
1770293118754,178129,0.034,4.052,1.94
1770293178777,7647463,1.459,4.1,1.98
1770293238765,5710642,1.089,4.284,2.02
1770293298774,1104032,0.211,4.219,1.96
1770293358782,5102800,0.973,4.179,1.9
1770293418794,12343809,2.354,4.065,1.88
1770293478762,15535152,2.963,3.962,1.91
1770293538793,3614896,0.689,4.04,1.96
1770293598770,1245510,0.238,4.274,1.95
1770293658747,3203533,0.611,4.153,1.94
1770293718748,15655282,2.986,3.912,1.92
1770293778755,5791522,1.105,4.036,1.83
1770293838746,1462970,0.279,4.258,2.02
1770293898768,527998,0.101,3.829,1.87
1770293958753,4732302,0.903,3.966,2.0
1770294018759,7990518,1.524,4.21,2.0
1770294078757,5121346,0.977,3.931,1.93
1770294138772,470154,0.09,4.101,2.06
1770294198764,320490,0.061,4.236,2.0
1770294258779,6328639,1.207,4.156,1.96
1770294318795,16862422,3.216,4.22,1.98
1770294378779,6861809,1.309,4.146,1.92
1770294438791,190260,0.036,4.264,1.82
1770294498769,5823893,1.111,3.861,1.91
1770294519531,7838197,1.495,4.223,1.94
1770294522188,7438086,1.419,4.227,1.92
1770294526467,7621066,1.454,4.277,1.94
1770294526590,7621066,1.454,4.277,1.94
1770294528830,7621066,1.454,4.277,1.94
1770294528945,7621066,1.454,4.277,1.94
1770294533845,7812697,1.49,4.274,1.94
1770294537274,7821182,1.492,4.275,1.91
1770294537347,7821182,1.492,4.275,1.91
1770294539429,7821182,1.492,4.275,1.91
1770294539567,7821182,1.492,4.275,1.91
1770294539991,7821182,1.492,4.275,1.91
1770294540125,7821182,1.492,4.275,1.91
1770294545759,7102770,1.355,4.381,1.95
1770294550754,4773751,0.911,4.461,1.95
1770294554990,3641303,0.695,4.426,1.95
1770294559995,3075752,0.587,4.453,1.94
1770294564973,3599435,0.687,4.449,2.0
1770294569979,4313248,0.823,4.432,2.0
1770294575001,3843882,0.733,4.437,2.0
1770294580002,4307681,0.822,4.412,2.04
1770294585000,3789734,0.723,4.343,2.04
1770294590013,3620118,0.69,4.269,2.04
1770294594993,3662811,0.699,4.232,2.04
1770294599984,3661246,0.698,4.156,2.05
1770294605770,3240671,0.618,4.089,2.0
1770294610778,3252963,0.62,3.914,1.98
1770294615778,3263359,0.622,3.803,1.9
1770294620767,2549409,0.486,3.875,1.94
1770294625758,1870353,0.357,3.844,2.02
1770294630760,1346594,0.257,3.845,1.86
1770294635753,1238319,0.236,3.761,1.82
1770294640766,1207567,0.23,3.642,1.75
1770294645750,2400289,0.458,3.864,1.82
1770294650787,2378443,0.454,3.948,1.82
1770294655768,2416148,0.461,3.893,1.81
1770294660766,2427616,0.463,3.876,1.75
1770294678800,2031731,0.388,3.802,1.78
1770294738742,2031731,0.388,3.802,1.78
1770294798788,2031731,0.388,3.802,1.78
1770294858772,2031731,0.388,3.802,1.78
1770294918754,2031731,0.388,3.802,1.78
1770294978747,2031731,0.388,3.802,1.78
1770295038741,2031731,0.388,3.802,1.78
1770295098755,2031731,0.388,3.802,1.78
1770295158752,2031731,0.388,3.802,1.78
1770295218736,2031731,0.388,3.802,1.78
1770295278742,2031731,0.388,3.802,1.78
1770295338750,2031731,0.388,3.802,1.78
1770295398764,2031731,0.388,3.802,1.78
1770295458764,2031731,0.388,3.802,1.78
1770295518751,2031731,0.388,3.802,1.78
1770295578775,2031731,0.388,3.802,1.78
1770295638755,2031731,0.388,3.802,1.78
1770295698757,2031731,0.388,3.802,1.78
1770295758775,2031731,0.388,3.802,1.78
1770295818743,2031731,0.388,3.802,1.78
1770295878765,2031731,0.388,3.802,1.78
1770295938767,2031731,0.388,3.802,1.78
1770295998783,2031731,0.388,3.802,1.78
1770296013584,2031731,0.388,3.802,1.78
1770296014998,2031731,0.388,3.802,1.78
1779284918621,2031731,0.388,3.802,1.78
1779284918942,2031731,0.388,3.802,1.78
1779284919201,2031731,0.388,3.802,1.78
1779284919514,2031731,0.388,3.802,1.78
1779284923462,2031731,0.388,3.802,1.78
1779284928443,2031731,0.388,3.802,1.78
1779284933469,2031731,0.388,3.802,1.78
1779284938472,2031731,0.388,3.802,1.78
1779284944270,2031731,0.388,3.802,1.78
1779284949266,2031731,0.388,3.802,1.78
1779284954271,2031731,0.388,3.802,1.78
1779284958680,2031731,0.388,3.802,1.78
1779284964268,2031731,0.388,3.802,1.78
1779284969229,2031731,0.388,3.802,1.78
1779284973502,2031731,0.388,3.802,1.78
1779284978341,2031731,0.388,3.802,1.78
1779284978702,2031731,0.388,3.802,1.78
1779284983343,2031731,0.388,3.802,1.78
1779285019829,2031731,0.388,3.802,1.78
1779285020106,2031731,0.388,3.802,1.78
1779285026012,2031731,0.388,3.802,1.78
1779285026272,2031731,0.388,3.802,1.78
1779285028932,2031731,0.388,3.802,1.78
1779285029226,2031731,0.388,3.802,1.78
1779285033913,2031731,0.388,3.802,1.78
1779285038939,2031731,0.388,3.802,1.78
1779285043929,2031731,0.388,3.802,1.78
1779285048956,2031731,0.388,3.802,1.78
1779285053996,2031731,0.388,3.802,1.78
1779285059498,2031731,0.388,3.802,1.78
1779285064429,2031731,0.388,3.802,1.78
1779285069478,2031731,0.388,3.802,1.78
1779285073967,2031731,0.388,3.802,1.78
1779285078940,2031731,0.388,3.802,1.78
1779285083973,2031731,0.388,3.802,1.78
1779285088947,2031731,0.388,3.802,1.78
1779285093960,2031731,0.388,3.802,1.78
1779285098954,2031731,0.388,3.802,1.78
1779285104266,2031731,0.388,3.802,1.78
1779285109287,2031731,0.388,3.802,1.78
1779285114464,2031731,0.388,3.802,1.78
1779285118920,2031731,0.388,3.802,1.78
1779285123940,2031731,0.388,3.802,1.78
1779285128926,2031731,0.388,3.802,1.78
1779285133930,2031731,0.388,3.802,1.78
1779285138939,2031731,0.388,3.802,1.78
1779285143977,2031731,0.388,3.802,1.78
1779285149001,2031731,0.388,3.802,1.78
1779285154039,2031731,0.388,3.802,1.78
1779285154519,2031731,0.388,3.802,1.78
1779285155837,2031731,0.388,3.802,1.78
1779285157816,2031731,0.388,3.802,1.78
1779285158142,2031731,0.388,3.802,1.78
1779285158563,2031731,0.388,3.802,1.78
1779285159160,2031731,0.388,3.802,1.78
1779285159653,2031731,0.388,3.802,1.78
1779285160460,2031731,0.388,3.802,1.78
1779285164602,2031731,0.388,3.802,1.78
1779285167592,2031731,0.388,3.802,1.78
1779285167905,2031731,0.388,3.802,1.78
1779285174053,2031731,0.388,3.802,1.78
1779285174552,2031731,0.388,3.802,1.78
1779285176120,2031731,0.388,3.802,1.78
1779285176491,2031731,0.388,3.802,1.78
1779285181140,2031731,0.388,3.802,1.78
1779285186095,2031731,0.388,3.802,1.78
1779285191093,2031731,0.388,3.802,1.78
1779285196126,2031731,0.388,3.802,1.78
1779285201251,2031731,0.388,3.802,1.78
1779285203815,2031731,0.388,3.802,1.78
1779285204296,2031731,0.388,3.802,1.78
1779285204720,2031731,0.388,3.802,1.78
1779285205026,2031731,0.388,3.802,1.78
1779285208739,2031731,0.388,3.802,1.78
1779285213788,2031731,0.388,3.802,1.78
1779285218745,2031731,0.388,3.802,1.78
1779285223586,2031731,0.388,3.802,1.78
1779285228743,2031731,0.388,3.802,1.78
1779285233736,2031731,0.388,3.802,1.78
1779285238791,2031731,0.388,3.802,1.78
1779285243703,2031731,0.388,3.802,1.78
1779285248569,2031731,0.388,3.802,1.78
1779285253566,2031731,0.388,3.802,1.78
1779285258558,2031731,0.388,3.802,1.78
1779285263570,2031731,0.388,3.802,1.78
1779285270014,2031731,0.388,3.802,1.78
1779285273756,2031731,0.388,3.802,1.78
1779285376088,2031731,0.388,3.802,1.78
1779285418551,2031731,0.388,3.802,1.78
1779285418571,2031731,0.388,3.802,1.78
1779285418580,2031731,0.388,3.802,1.78
1779285418570,2031731,0.388,3.802,1.78
1779285418597,2031731,0.388,3.802,1.78
1779285418599,2031731,0.388,3.802,1.78
1779285418743,2031731,0.388,3.802,1.78
1779285418767,2031731,0.388,3.802,1.78
1779285418900,2031731,0.388,3.802,1.78
1779285419060,2031731,0.388,3.802,1.78
1779285419199,2031731,0.388,3.802,1.78
1779285421014,2031731,0.388,3.802,1.78
1779285426138,2031731,0.388,3.802,1.78
1779285430994,2031731,0.388,3.802,1.78
1779285435979,2031731,0.388,3.802,1.78
1779285441262,2031731,0.388,3.802,1.78
1779285446264,2031731,0.388,3.802,1.78
1779285451274,2031731,0.388,3.802,1.78
1779285456246,2031731,0.388,3.802,1.78
1779285461125,2031731,0.388,3.802,1.78
1779285466085,2031731,0.388,3.802,1.78
1779285471169,2031731,0.388,3.802,1.78
1779285476006,2031731,0.388,3.802,1.78
1779285481263,2031731,0.388,3.802,1.78
1779285486262,2031731,0.388,3.802,1.78
1779285491279,2031731,0.388,3.802,1.78
1779285496267,2031731,0.388,3.802,1.78
1779285501281,2031731,0.388,3.802,1.78
1779285506281,2031731,0.388,3.802,1.78
1779285511271,2031731,0.388,3.802,1.78
1779285516273,2031731,0.388,3.802,1.78
1779285521179,2031731,0.388,3.802,1.78
1779285526201,2031731,0.388,3.802,1.78
1779285531275,2031731,0.388,3.802,1.78
1779285536252,2031731,0.388,3.802,1.78
1779285541256,2031731,0.388,3.802,1.78
1779285546309,2031731,0.388,3.802,1.78
1779285551256,2031731,0.388,3.802,1.78
1779285556279,2031731,0.388,3.802,1.78
1779285561259,2031731,0.388,3.802,1.78
1779285566287,2031731,0.388,3.802,1.78
1779285571249,2031731,0.388,3.802,1.78
1779285576284,2031731,0.388,3.802,1.78
1779285581246,2031731,0.388,3.802,1.78
1779285635292,2031731,0.388,3.802,1.78
1779285645041,2031731,0.388,3.802,1.78
1779285646421,2031731,0.388,3.802,1.78
1779285651580,2031731,0.388,3.802,1.78
1779285656260,2031731,0.388,3.802,1.78
1779285661238,2031731,0.388,3.802,1.78
1779285666248,2031731,0.388,3.802,1.78
1779285671266,2031731,0.388,3.802,1.78
1779285676264,2031731,0.388,3.802,1.78
1779285681266,2031731,0.388,3.802,1.78
1779285686114,2031731,0.388,3.802,1.78
1779285691178,2031731,0.388,3.802,1.78
1779287298047,69142816,13.188,3.817,2.02
1779287298257,69142816,13.188,3.817,2.02
1779287298384,69142816,13.188,3.817,2.02
1779287298549,69142816,13.188,3.817,2.02
1779287302829,75365346,14.375,3.784,2.02
1779287307841,82545223,15.744,3.745,2.02
1779287312846,92304784,17.606,3.735,2.06
1779287317815,100972857,19.259,3.693,1.98
1779287322828,110980540,21.168,3.7,2.0
1779287327815,121107526,23.099,3.674,2.0
1779287332828,128007981,24.416,3.641,1.96
1779287337833,139607783,26.628,3.524,1.96
1779287342825,150711298,28.746,3.58,2.0
1779287347850,151025999,28.806,3.469,1.95
1779287352843,161258751,30.758,3.394,1.93
1779287357831,162016027,30.902,3.33,1.9
1779287362801,164848016,31.442,3.165,1.87
1779287367811,168981208,32.231,3.202,1.81
1779287372800,168981208,32.231,3.202,1.81
1779287377822,134233667,25.603,3.421,1.83
1779287382818,105183673,20.062,3.485,1.84
1779287387810,96786454,18.461,3.461,1.83
1779287392826,87375270,16.666,3.438,1.79
1779287397810,76370459,14.567,3.471,1.85
1779287402829,55497781,10.585,3.575,1.87
1779287407820,45744610,8.725,3.564,1.87
1779287412791,36448761,6.952,3.563,1.9
1779287417813,14581460,2.781,3.673,2.0
1779287422830,16469199,3.141,3.743,2.0
1779287427833,18239660,3.479,3.62,2.0
1779287429307,20368760,3.885,3.706,2.04
1779287429445,20368760,3.885,3.706,2.04
1779287434311,20824904,3.972,3.566,1.93
1779287441712,22280879,4.25,3.633,1.93
1779287441827,22280879,4.25,3.633,1.93
1779287446717,21743035,4.147,3.617,1.93
1779287452104,23067735,4.4,3.609,1.98
1779287457142,24157346,4.608,3.62,1.96
1779287462094,23371011,4.458,3.584,1.96
1779287467118,24752319,4.721,3.559,1.96
1779287472091,26705838,5.094,3.518,1.95
1779287477110,25650502,4.892,3.544,1.95
1779287482098,26392714,5.034,3.541,1.93
